# id,Prediction
1.0,0.097010062578
2.0,0.233958673791
3.0,0.834382400885
4.0,0.644735884748
5.0,0.888779166558
6.0,0.191720145218
7.0,0.969731896425
8.0,0.0712825566376
9.0,0.0454443693566
10.0,0.828077744625
11.0,0.486012473692
12.0,0.664003011317
13.0,0.405266227023
14.0,0.28328588249
15.0,0.945313546146
16.0,0.0871585623153
17.0,0.833919179196
18.0,0.94765634039
19.0,0.480756916281
20.0,0.977316578988
