# id,Prediction
1.0,0.638301406959
2.0,0.386570584358
3.0,0.644529955763
4.0,0.753640430855
5.0,0.953059918289
6.0,0.75414617679
7.0,0.664344642033
8.0,0.0356758062347
9.0,0.867600255759
10.0,0.557159755467
11.0,0.000443013508828
12.0,0.215528114263
13.0,0.676979035147
14.0,0.40988286612
15.0,0.660508459451
16.0,0.688317254818
17.0,0.233099908903
18.0,0.508039032343
19.0,0.6929623108
20.0,0.0946305568445
