# id,Prediction
1.0,0.32590349062
2.0,0.476824304063
3.0,0.609977779165
4.0,0.4705300135
5.0,0.448213124572
6.0,0.414707280824
7.0,0.362077383343
8.0,0.521991721168
9.0,0.355865890688
10.0,0.308515230685
11.0,0.336391036784
12.0,0.345967693183
13.0,0.409592872695
14.0,0.514922176568
15.0,0.538270520994
16.0,0.480218545504
17.0,0.529562810579
18.0,0.372426915096
19.0,0.426652173674
20.0,0.293323228215
