# id,Prediction
1.0,0.326001897322
2.0,0.482428312819
3.0,0.594215639593
4.0,0.448924533442
5.0,0.457473477684
6.0,0.409225307911
7.0,0.350804342913
8.0,0.502354350441
9.0,0.317696971441
10.0,0.307859545757
11.0,0.296253514164
12.0,0.367428604965
13.0,0.389979093766
14.0,0.489551364005
15.0,0.68441933264
16.0,0.47532087018
17.0,0.495232940091
18.0,0.4491523655
19.0,0.440635765061
20.0,0.308422101297
