# id,Prediction
1.0,0.341336252912
2.0,0.485514890626
3.0,0.619009113763
4.0,0.453807336335
5.0,0.458951830443
6.0,0.404456202129
7.0,0.368731713784
8.0,0.524703793531
9.0,0.333343751227
10.0,0.295048224608
11.0,0.274918517656
12.0,0.317864634168
13.0,0.411928768052
14.0,0.508654585466
15.0,0.744097359347
16.0,0.470629809196
17.0,0.485291608939
18.0,0.404220293388
19.0,0.439608423115
20.0,0.238577588484
